Date,Weekday,Release Count,Release Titles
2025-06-02,Monday,10,"@seed-design/webpack-plugin@0.0.30
@seed-design/vite-plugin@0.0.30
@seed-design/stackflow@0.0.30
@seed-design/rsbuild-plugin@0.0.30
@seed-design/react@0.0.30
@seed-design/react-tabs@0.0.7
@seed-design/react-pull-to-refresh@0.0.6
@seed-design/mcp@0.0.30
@seed-design/figma@0.0.30
@seed-design/css@0.0.30"
2025-05-30,Friday,20,"@seed-design/webpack-plugin@0.0.29
@seed-design/vite-plugin@0.0.29
@seed-design/stackflow@0.0.29
@seed-design/rsbuild-plugin@0.0.29
@seed-design/react@0.0.29
@seed-design/react-toggle@0.0.4
@seed-design/react-text-field@0.0.4
@seed-design/react-tabs@0.0.6
@seed-design/react-switch@0.0.4
@seed-design/react-snackbar@0.0.5
@seed-design/react-segmented-control@0.0.5
@seed-design/react-radio-group@0.0.4
@seed-design/react-pull-to-refresh@0.0.5
@seed-design/react-progress@0.0.4
@seed-design/react-primitive@0.0.3
@seed-design/react-popover@0.0.7
@seed-design/react-dialog@0.0.5
@seed-design/react-checkbox@0.0.4
@seed-design/react-avatar@0.0.4
@seed-design/mcp@0.0.29"
