Release Titles,Year,Date,Weekday,Release Count
@stackflow/react-ui-core@1.3.2,2025,2025-05-29,Thursday,2
@stackflow/react-ui-core@1.3.1,2025,2025-05-15,Thursday,2
@stackflow/react@1.5.2,2025,2025-05-12,Monday,1
@stackflow/react-ui-core@1.3.0,2025,2025-04-09,Wednesday,2
@stackflow/react-ui-core@1.2.3,2025,2025-03-27,Thursday,2
@stackflow/react-ui-core@1.2.2,2025,2025-03-14,Friday,2
@stackflow/react@1.5.1,2025,2025-02-24,Monday,1
@stackflow/react@1.5.0,2025,2025-02-14,Friday,3
@stackflow/react@1.4.2,2025,2025-01-22,Wednesday,5
@stackflow/react-ui-core@1.2.1,2024,2024-12-18,Wednesday,4
@stackflow/plugin-basic-ui@1.10.1,2024,2024-11-19,Tuesday,1
@stackflow/link@1.6.0,2024,2024-11-08,Friday,1
@stackflow/react@1.4.1,2024,2024-10-23,Wednesday,1
@stackflow/react@1.4.0,2024,2024-09-26,Thursday,3
